"Molecule ChEMBL ID";"Molecule Name";"Molecule Max Phase";"Molecular Weight";"#RO5 Violations";"AlogP";"Compound Key";"Smiles";"Standard Type";"Standard Relation";"Standard Value";"Standard Units";"pChEMBL Value";"Data Validity Comment";"Comment";"Uo Units";"Ligand Efficiency BEI";"Ligand Efficiency LE";"Ligand Efficiency LLE";"Ligand Efficiency SEI";"Potential Duplicate";"Assay ChEMBL ID";"Assay Description";"Assay Type";"BAO Format ID";"BAO Label";"Assay Organism";"Assay Tissue ChEMBL ID";"Assay Tissue Name";"Assay Cell Type";"Assay Subcellular Fraction";"Assay Parameters";"Assay Variant Accession";"Assay Variant Mutation";"Target ChEMBL ID";"Target Name";"Target Organism";"Target Type";"Document ChEMBL ID";"Source ID";"Source Description";"Document Journal";"Document Year";"Cell ChEMBL ID";"Properties";"Action Type";"Standard Text Value"
"CHEMBL3963657";"";"None";"426.46";"0";"-0.57";"BDBM98806";"O=C(Nc1ccc(N2CCNCC2)cn1)[C@@H]1CC[C@@H]2CN1C(=O)N2OS(=O)(=O)O";"IC50";"'='";"2.0";"nM";"8.70";"";"215135";"UO_0000065";"20.40";"0.41";"9.27";"6.02";"0";"CHEMBL3707572";"Spectrophotometric Assay: Enzyme activities were measured in the presence of the test inhibitor in spectrophotometric assay.";"B";"BAO_0000357";"single protein format";"Pseudomonas aeruginosa";"None";"None";"None";"None";"";"";"";"CHEMBL1641350";"Beta-lactamase";"Pseudomonas aeruginosa";"SINGLE PROTEIN";"CHEMBL3639375";"37";"BindingDB Database";"";"2013";"None";"";"";""
"CHEMBL3959010";"";"None";"431.47";"0";"-1.54";"BDBM98749";"O=C(N[C@@H]1CCN(C2CCNCC2)C1=O)[C@@H]1CC[C@@H]2CN1C(=O)N2OS(=O)(=O)O";"IC50";"'='";"45.0";"nM";"7.35";"";"215089";"UO_0000065";"17.03";"0.35";"8.89";"4.94";"0";"CHEMBL3707572";"Spectrophotometric Assay: Enzyme activities were measured in the presence of the test inhibitor in spectrophotometric assay.";"B";"BAO_0000357";"single protein format";"Pseudomonas aeruginosa";"None";"None";"None";"None";"";"";"";"CHEMBL1641350";"Beta-lactamase";"Pseudomonas aeruginosa";"SINGLE PROTEIN";"CHEMBL3639375";"37";"BindingDB Database";"";"2013";"None";"";"";""
"CHEMBL3916954";"";"None";"384.41";"0";"0.35";"BDBM98777";"CNCc1ccc(NC(=O)[C@@H]2CC[C@@H]3CN2C(=O)N3OS(=O)(=O)O)cc1";"IC50";"'='";"18.0";"nM";"7.75";"";"215115";"UO_0000065";"20.15";"0.41";"7.39";"6.04";"0";"CHEMBL3707572";"Spectrophotometric Assay: Enzyme activities were measured in the presence of the test inhibitor in spectrophotometric assay.";"B";"BAO_0000357";"single protein format";"Pseudomonas aeruginosa";"None";"None";"None";"None";"";"";"";"CHEMBL1641350";"Beta-lactamase";"Pseudomonas aeruginosa";"SINGLE PROTEIN";"CHEMBL3639375";"37";"BindingDB Database";"";"2013";"None";"";"";""
"CHEMBL3949467";"";"None";"337.31";"0";"-1.56";"BDBM98838";"O=C(O[C@H]1CNOC1)[C@@H]1CC[C@@H]2CN1C(=O)N2OS(=O)(=O)O";"IC50";"'='";"39.0";"nM";"7.41";"";"215161";"UO_0000065";"21.96";"0.46";"8.97";"5.50";"0";"CHEMBL3707572";"Spectrophotometric Assay: Enzyme activities were measured in the presence of the test inhibitor in spectrophotometric assay.";"B";"BAO_0000357";"single protein format";"Pseudomonas aeruginosa";"None";"None";"None";"None";"";"";"";"CHEMBL1641350";"Beta-lactamase";"Pseudomonas aeruginosa";"SINGLE PROTEIN";"CHEMBL3639375";"37";"BindingDB Database";"";"2013";"None";"";"";""
"CHEMBL3983979";"";"None";"362.41";"0";"-0.67";"BDBM98765";"NCC1CCCCN1C(=O)[C@@H]1CC[C@@H]2CN1C(=O)N2OS(=O)(=O)O";"IC50";"'='";"7500.0";"nM";"5.12";"";"215104";"UO_0000065";"14.14";"0.29";"5.79";"3.84";"0";"CHEMBL3707572";"Spectrophotometric Assay: Enzyme activities were measured in the presence of the test inhibitor in spectrophotometric assay.";"B";"BAO_0000357";"single protein format";"Pseudomonas aeruginosa";"None";"None";"None";"None";"";"";"";"CHEMBL1641350";"Beta-lactamase";"Pseudomonas aeruginosa";"SINGLE PROTEIN";"CHEMBL3639375";"37";"BindingDB Database";"";"2013";"None";"";"";""
"CHEMBL3895019";"";"None";"384.37";"0";"-0.27";"BDBM98788";"NC(=O)c1ccc(NC(=O)[C@@H]2CC[C@@H]3CN2C(=O)N3OS(=O)(=O)O)cc1";"IC50";"'='";"7.0";"nM";"8.15";"";"215123";"UO_0000065";"21.22";"0.43";"8.42";"5.12";"0";"CHEMBL3707572";"Spectrophotometric Assay: Enzyme activities were measured in the presence of the test inhibitor in spectrophotometric assay.";"B";"BAO_0000357";"single protein format";"Pseudomonas aeruginosa";"None";"None";"None";"None";"";"";"";"CHEMBL1641350";"Beta-lactamase";"Pseudomonas aeruginosa";"SINGLE PROTEIN";"CHEMBL3639375";"37";"BindingDB Database";"";"2013";"None";"";"";""
"CHEMBL3899991";"";"None";"353.33";"0";"-1.16";"BDBM98836";"O=C(O[C@@H]1CNC[C@H]1F)[C@@H]1CC[C@@H]2CN1C(=O)N2OS(=O)(=O)O";"IC50";"'='";"200.0";"nM";"6.70";"";"215159";"UO_0000065";"18.96";"0.40";"7.86";"5.34";"0";"CHEMBL3707572";"Spectrophotometric Assay: Enzyme activities were measured in the presence of the test inhibitor in spectrophotometric assay.";"B";"BAO_0000357";"single protein format";"Pseudomonas aeruginosa";"None";"None";"None";"None";"";"";"";"CHEMBL1641350";"Beta-lactamase";"Pseudomonas aeruginosa";"SINGLE PROTEIN";"CHEMBL3639375";"37";"BindingDB Database";"";"2013";"None";"";"";""
"CHEMBL3970704";"";"None";"424.48";"0";"1.22";"BDBM98782";"O=C(Nc1ccc(CN2CCCC2)cc1)[C@@H]1CC[C@@H]2CN1C(=O)N2OS(=O)(=O)O";"IC50";"'='";"22.0";"nM";"7.66";"";"215118";"UO_0000065";"18.04";"0.36";"6.44";"6.41";"0";"CHEMBL3707572";"Spectrophotometric Assay: Enzyme activities were measured in the presence of the test inhibitor in spectrophotometric assay.";"B";"BAO_0000357";"single protein format";"Pseudomonas aeruginosa";"None";"None";"None";"None";"";"";"";"CHEMBL1641350";"Beta-lactamase";"Pseudomonas aeruginosa";"SINGLE PROTEIN";"CHEMBL3639375";"37";"BindingDB Database";"";"2013";"None";"";"";""
"CHEMBL3112749";"";"None";"371.38";"0";"-0.52";"BDBM98800";"NCc1ccc(NC(=O)[C@@H]2CC[C@@H]3CN2C(=O)N3OS(=O)(=O)O)nc1";"IC50";"'='";"3.0";"nM";"8.52";"";"215132";"UO_0000065";"22.95";"0.47";"9.04";"5.49";"0";"CHEMBL3707572";"Spectrophotometric Assay: Enzyme activities were measured in the presence of the test inhibitor in spectrophotometric assay.";"B";"BAO_0000357";"single protein format";"Pseudomonas aeruginosa";"None";"None";"None";"None";"";"";"";"CHEMBL1641350";"Beta-lactamase";"Pseudomonas aeruginosa";"SINGLE PROTEIN";"CHEMBL3639375";"37";"BindingDB Database";"";"2013";"None";"";"";""
"CHEMBL3957170";"";"None";"363.39";"0";"-0.33";"BDBM98822";"O=C(O[C@H]1CCCNCC1)[C@@H]1CC[C@@H]2CN1C(=O)N2OS(=O)(=O)O";"IC50";"'='";"83.0";"nM";"7.08";"";"215145";"UO_0000065";"19.49";"0.40";"7.41";"5.64";"0";"CHEMBL3707572";"Spectrophotometric Assay: Enzyme activities were measured in the presence of the test inhibitor in spectrophotometric assay.";"B";"BAO_0000357";"single protein format";"Pseudomonas aeruginosa";"None";"None";"None";"None";"";"";"";"CHEMBL1641350";"Beta-lactamase";"Pseudomonas aeruginosa";"SINGLE PROTEIN";"CHEMBL3639375";"37";"BindingDB Database";"";"2013";"None";"";"";""
"CHEMBL3956371";"";"None";"321.31";"0";"-1.50";"BDBM98827";"O=C(OC1CNC1)[C@@H]1CC[C@@H]2CN1C(=O)N2OS(=O)(=O)O";"IC50";"'='";"600.0";"nM";"6.22";"";"215150";"UO_0000065";"19.36";"0.40";"7.72";"4.96";"0";"CHEMBL3707572";"Spectrophotometric Assay: Enzyme activities were measured in the presence of the test inhibitor in spectrophotometric assay.";"B";"BAO_0000357";"single protein format";"Pseudomonas aeruginosa";"None";"None";"None";"None";"";"";"";"CHEMBL1641350";"Beta-lactamase";"Pseudomonas aeruginosa";"SINGLE PROTEIN";"CHEMBL3639375";"37";"BindingDB Database";"";"2013";"None";"";"";""
"CHEMBL3957507";"";"None";"425.47";"0";"0.49";"BDBM98802";"O=C(Nc1cc(C2CCNCC2)ccn1)[C@@H]1CC[C@@H]2CN1C(=O)N2OS(=O)(=O)O";"IC50";"'='";"0.8";"nM";"9.10";"";"215133";"UO_0000065";"21.38";"0.43";"8.61";"6.44";"0";"CHEMBL3707572";"Spectrophotometric Assay: Enzyme activities were measured in the presence of the test inhibitor in spectrophotometric assay.";"B";"BAO_0000357";"single protein format";"Pseudomonas aeruginosa";"None";"None";"None";"None";"";"";"";"CHEMBL1641350";"Beta-lactamase";"Pseudomonas aeruginosa";"SINGLE PROTEIN";"CHEMBL3639375";"37";"BindingDB Database";"";"2013";"None";"";"";""
"CHEMBL3938261";"";"None";"367.36";"0";"-0.77";"BDBM98831";"O=C(O[C@H]1CCNC[C@@H]1F)[C@@H]1CC[C@@H]2CN1C(=O)N2OS(=O)(=O)O";"IC50";"'='";"33.0";"nM";"7.48";"";"215154";"UO_0000065";"20.37";"0.43";"8.25";"5.96";"0";"CHEMBL3707572";"Spectrophotometric Assay: Enzyme activities were measured in the presence of the test inhibitor in spectrophotometric assay.";"B";"BAO_0000357";"single protein format";"Pseudomonas aeruginosa";"None";"None";"None";"None";"";"";"";"CHEMBL1641350";"Beta-lactamase";"Pseudomonas aeruginosa";"SINGLE PROTEIN";"CHEMBL3639375";"37";"BindingDB Database";"";"2013";"None";"";"";""
"CHEMBL3932731";"";"None";"353.33";"0";"-1.16";"BDBM98834";"O=C(O[C@@H]1CNC[C@@H]1F)[C@@H]1CC[C@@H]2CN1C(=O)N2OS(=O)(=O)O";"IC50";"'='";"39.0";"nM";"7.41";"";"215157";"UO_0000065";"20.97";"0.44";"8.57";"5.90";"0";"CHEMBL3707572";"Spectrophotometric Assay: Enzyme activities were measured in the presence of the test inhibitor in spectrophotometric assay.";"B";"BAO_0000357";"single protein format";"Pseudomonas aeruginosa";"None";"None";"None";"None";"";"";"";"CHEMBL1641350";"Beta-lactamase";"Pseudomonas aeruginosa";"SINGLE PROTEIN";"CHEMBL3639375";"37";"BindingDB Database";"";"2013";"None";"";"";""
"CHEMBL3902510";"";"None";"384.37";"0";"-0.27";"BDBM98790";"NC(=O)c1cccc(NC(=O)[C@@H]2CC[C@@H]3CN2C(=O)N3OS(=O)(=O)O)c1";"IC50";"'='";"3.0";"nM";"8.52";"";"215125";"UO_0000065";"22.17";"0.45";"8.79";"5.35";"0";"CHEMBL3707572";"Spectrophotometric Assay: Enzyme activities were measured in the presence of the test inhibitor in spectrophotometric assay.";"B";"BAO_0000357";"single protein format";"Pseudomonas aeruginosa";"None";"None";"None";"None";"";"";"";"CHEMBL1641350";"Beta-lactamase";"Pseudomonas aeruginosa";"SINGLE PROTEIN";"CHEMBL3639375";"37";"BindingDB Database";"";"2013";"None";"";"";""
"CHEMBL3906670";"";"None";"333.37";"0";"-0.44";"BDBM98731";"O=C(CC1CCNC1)[C@@H]1CCC2CN1C(=O)N2OS(=O)(=O)O";"IC50";"'='";"110.0";"nM";"6.96";"";"215069";"UO_0000065";"20.87";"0.43";"7.40";"5.99";"0";"CHEMBL3707572";"Spectrophotometric Assay: Enzyme activities were measured in the presence of the test inhibitor in spectrophotometric assay.";"B";"BAO_0000357";"single protein format";"Pseudomonas aeruginosa";"None";"None";"None";"None";"";"";"";"CHEMBL1641350";"Beta-lactamase";"Pseudomonas aeruginosa";"SINGLE PROTEIN";"CHEMBL3639375";"37";"BindingDB Database";"";"2013";"None";"";"";""
"CHEMBL3112755";"";"None";"349.37";"0";"-0.72";"BDBM98824";"O=C(OC1CCNCC1)[C@@H]1CC[C@@H]2CN1C(=O)N2OS(=O)(=O)O";"IC50";"'='";"170.0";"nM";"6.77";"";"215147";"UO_0000065";"19.38";"0.40";"7.49";"5.39";"0";"CHEMBL3707572";"Spectrophotometric Assay: Enzyme activities were measured in the presence of the test inhibitor in spectrophotometric assay.";"B";"BAO_0000357";"single protein format";"Pseudomonas aeruginosa";"None";"None";"None";"None";"";"";"";"CHEMBL1641350";"Beta-lactamase";"Pseudomonas aeruginosa";"SINGLE PROTEIN";"CHEMBL3639375";"37";"BindingDB Database";"";"2013";"None";"";"";""
"CHEMBL3903047";"";"None";"480.55";"0";"1.22";"BDBM98794";"O=C(Nc1cc(N2CCCC2)nc(N2CCCC2)c1)[C@@H]1CC[C@@H]2CN1C(=O)N2OS(=O)(=O)O";"IC50";"'='";"515.0";"nM";"6.29";"";"215128";"UO_0000065";"13.09";"0.26";"5.07";"4.64";"0";"CHEMBL3707572";"Spectrophotometric Assay: Enzyme activities were measured in the presence of the test inhibitor in spectrophotometric assay.";"B";"BAO_0000357";"single protein format";"Pseudomonas aeruginosa";"None";"None";"None";"None";"";"";"";"CHEMBL1641350";"Beta-lactamase";"Pseudomonas aeruginosa";"SINGLE PROTEIN";"CHEMBL3639375";"37";"BindingDB Database";"";"2013";"None";"";"";""
"CHEMBL3959427";"";"None";"380.40";"0";"-0.80";"BDBM98751";"O=C(N[C@H]1CCCNC[C@H]1F)[C@@H]1CC[C@@H]2CN1C(=O)N2OS(=O)(=O)O";"IC50";"'='";"18.0";"nM";"7.75";"";"215091";"UO_0000065";"20.36";"0.42";"8.54";"6.04";"0";"CHEMBL3707572";"Spectrophotometric Assay: Enzyme activities were measured in the presence of the test inhibitor in spectrophotometric assay.";"B";"BAO_0000357";"single protein format";"Pseudomonas aeruginosa";"None";"None";"None";"None";"";"";"";"CHEMBL1641350";"Beta-lactamase";"Pseudomonas aeruginosa";"SINGLE PROTEIN";"CHEMBL3639375";"37";"BindingDB Database";"";"2013";"None";"";"";""
"CHEMBL3926592";"";"None";"378.41";"0";"-1.52";"BDBM98740";"CO[C@H]1CNCC[C@H]1NC(=O)[C@@H]1CC[C@@H]2CN1C(=O)N2OS(=O)(=O)O";"IC50";"'='";"120.0";"nM";"6.92";"";"215081";"UO_0000065";"18.29";"0.38";"8.44";"5.03";"0";"CHEMBL3707572";"Spectrophotometric Assay: Enzyme activities were measured in the presence of the test inhibitor in spectrophotometric assay.";"B";"BAO_0000357";"single protein format";"Pseudomonas aeruginosa";"None";"None";"None";"None";"";"";"";"CHEMBL1641350";"Beta-lactamase";"Pseudomonas aeruginosa";"SINGLE PROTEIN";"CHEMBL3639375";"37";"BindingDB Database";"";"2013";"None";"";"";""
"CHEMBL3956247";"";"None";"396.43";"0";"0.27";"BDBM98853";"O=C(Nc1ccc2c(c1)CCNC2)[C@@H]1CCC2CN1C(=O)N2OS(=O)(=O)O";"IC50";"'='";"14.0";"nM";"7.85";"";"215071";"UO_0000065";"19.81";"0.40";"7.58";"6.12";"0";"CHEMBL3707572";"Spectrophotometric Assay: Enzyme activities were measured in the presence of the test inhibitor in spectrophotometric assay.";"B";"BAO_0000357";"single protein format";"Pseudomonas aeruginosa";"None";"None";"None";"None";"";"";"";"CHEMBL1641350";"Beta-lactamase";"Pseudomonas aeruginosa";"SINGLE PROTEIN";"CHEMBL3639375";"37";"BindingDB Database";"";"2013";"None";"";"";""
"CHEMBL3932306";"";"None";"377.42";"0";"-1.99";"BDBM98762";"O=C(NCCN1CCNCC1)[C@@H]1CC[C@@H]2CN1C(=O)N2OS(=O)(=O)O";"IC50";"'='";"42.0";"nM";"7.38";"";"215101";"UO_0000065";"19.55";"0.40";"9.37";"5.61";"0";"CHEMBL3707572";"Spectrophotometric Assay: Enzyme activities were measured in the presence of the test inhibitor in spectrophotometric assay.";"B";"BAO_0000357";"single protein format";"Pseudomonas aeruginosa";"None";"None";"None";"None";"";"";"";"CHEMBL1641350";"Beta-lactamase";"Pseudomonas aeruginosa";"SINGLE PROTEIN";"CHEMBL3639375";"37";"BindingDB Database";"";"2013";"None";"";"";""
"CHEMBL3967936";"";"None";"343.32";"0";"-0.58";"BDBM98812";"O=C(Nc1ccncn1)[C@@H]1CC[C@@H]2CN1C(=O)N2OS(=O)(=O)O";"IC50";"'='";"0.8";"nM";"9.10";"";"215139";"UO_0000065";"26.50";"0.54";"9.68";"6.40";"0";"CHEMBL3707572";"Spectrophotometric Assay: Enzyme activities were measured in the presence of the test inhibitor in spectrophotometric assay.";"B";"BAO_0000357";"single protein format";"Pseudomonas aeruginosa";"None";"None";"None";"None";"";"";"";"CHEMBL1641350";"Beta-lactamase";"Pseudomonas aeruginosa";"SINGLE PROTEIN";"CHEMBL3639375";"37";"BindingDB Database";"";"2013";"None";"";"";""
"CHEMBL3910179";"";"None";"350.35";"0";"-2.56";"BDBM98744";"O=C(N[C@@H]1CNC[C@H]1O)[C@@H]1CC[C@@H]2CN1C(=O)N2OS(=O)(=O)O";"IC50";"'='";"2500.0";"nM";"5.60";"";"215084";"UO_0000065";"15.99";"0.33";"8.16";"3.77";"0";"CHEMBL3707572";"Spectrophotometric Assay: Enzyme activities were measured in the presence of the test inhibitor in spectrophotometric assay.";"B";"BAO_0000357";"single protein format";"Pseudomonas aeruginosa";"None";"None";"None";"None";"";"";"";"CHEMBL1641350";"Beta-lactamase";"Pseudomonas aeruginosa";"SINGLE PROTEIN";"CHEMBL3639375";"37";"BindingDB Database";"";"2013";"None";"";"";""
"CHEMBL3946631";"";"None";"348.38";"0";"-1.06";"BDBM98766";"NC1CCN(C(=O)[C@@H]2CC[C@@H]3CN2C(=O)N3OS(=O)(=O)O)CC1";"IC50";"'='";"820.0";"nM";"6.09";"";"215105";"UO_0000065";"17.47";"0.36";"7.15";"4.56";"0";"CHEMBL3707572";"Spectrophotometric Assay: Enzyme activities were measured in the presence of the test inhibitor in spectrophotometric assay.";"B";"BAO_0000357";"single protein format";"Pseudomonas aeruginosa";"None";"None";"None";"None";"";"";"";"CHEMBL1641350";"Beta-lactamase";"Pseudomonas aeruginosa";"SINGLE PROTEIN";"CHEMBL3639375";"37";"BindingDB Database";"";"2013";"None";"";"";""
"CHEMBL3975378";"";"None";"337.31";"0";"-1.56";"BDBM98839";"O=C(O[C@@H]1CNOC1)[C@@H]1CC[C@@H]2CN1C(=O)N2OS(=O)(=O)O";"IC50";"'='";"62.0";"nM";"7.21";"";"215162";"UO_0000065";"21.37";"0.45";"8.77";"5.35";"0";"CHEMBL3707572";"Spectrophotometric Assay: Enzyme activities were measured in the presence of the test inhibitor in spectrophotometric assay.";"B";"BAO_0000357";"single protein format";"Pseudomonas aeruginosa";"None";"None";"None";"None";"";"";"";"CHEMBL1641350";"Beta-lactamase";"Pseudomonas aeruginosa";"SINGLE PROTEIN";"CHEMBL3639375";"37";"BindingDB Database";"";"2013";"None";"";"";""
"CHEMBL3986788";"";"None";"367.36";"0";"-0.77";"BDBM98832";"O=C(O[C@H]1CNCC[C@@H]1F)[C@@H]1CC[C@@H]2CN1C(=O)N2OS(=O)(=O)O";"IC50";"'='";"81.0";"nM";"7.09";"";"215155";"UO_0000065";"19.30";"0.40";"7.86";"5.65";"0";"CHEMBL3707572";"Spectrophotometric Assay: Enzyme activities were measured in the presence of the test inhibitor in spectrophotometric assay.";"B";"BAO_0000357";"single protein format";"Pseudomonas aeruginosa";"None";"None";"None";"None";"";"";"";"CHEMBL1641350";"Beta-lactamase";"Pseudomonas aeruginosa";"SINGLE PROTEIN";"CHEMBL3639375";"37";"BindingDB Database";"";"2013";"None";"";"";""
"CHEMBL3958929";"";"None";"367.36";"0";"-0.77";"BDBM98833";"O=C(O[C@H]1CNCC[C@H]1F)[C@@H]1CC[C@@H]2CN1C(=O)N2OS(=O)(=O)O";"IC50";"'='";"76.0";"nM";"7.12";"";"215156";"UO_0000065";"19.38";"0.41";"7.89";"5.67";"0";"CHEMBL3707572";"Spectrophotometric Assay: Enzyme activities were measured in the presence of the test inhibitor in spectrophotometric assay.";"B";"BAO_0000357";"single protein format";"Pseudomonas aeruginosa";"None";"None";"None";"None";"";"";"";"CHEMBL1641350";"Beta-lactamase";"Pseudomonas aeruginosa";"SINGLE PROTEIN";"CHEMBL3639375";"37";"BindingDB Database";"";"2013";"None";"";"";""
"CHEMBL3971925";"";"None";"382.40";"0";"0.23";"BDBM98784";"O=C(Nc1ccc2c(c1)CNC2)[C@@H]1CC[C@@H]2CN1C(=O)N2OS(=O)(=O)O";"IC50";"'='";"16.0";"nM";"7.80";"";"215120";"UO_0000065";"20.39";"0.41";"7.57";"6.08";"0";"CHEMBL3707572";"Spectrophotometric Assay: Enzyme activities were measured in the presence of the test inhibitor in spectrophotometric assay.";"B";"BAO_0000357";"single protein format";"Pseudomonas aeruginosa";"None";"None";"None";"None";"";"";"";"CHEMBL1641350";"Beta-lactamase";"Pseudomonas aeruginosa";"SINGLE PROTEIN";"CHEMBL3639375";"37";"BindingDB Database";"";"2013";"None";"";"";""
"CHEMBL3961665";"";"None";"348.36";"0";"0.08";"BDBM98819";"O=C(Nc1nccs1)[C@@H]1CC[C@@H]2CN1C(=O)N2OS(=O)(=O)O";"IC50";"'='";"1.8";"nM";"8.74";"";"215143";"UO_0000065";"25.10";"0.54";"8.66";"6.77";"0";"CHEMBL3707572";"Spectrophotometric Assay: Enzyme activities were measured in the presence of the test inhibitor in spectrophotometric assay.";"B";"BAO_0000357";"single protein format";"Pseudomonas aeruginosa";"None";"None";"None";"None";"";"";"";"CHEMBL1641350";"Beta-lactamase";"Pseudomonas aeruginosa";"SINGLE PROTEIN";"CHEMBL3639375";"37";"BindingDB Database";"";"2013";"None";"";"";""
"CHEMBL3910341";"";"None";"384.41";"0";"0.35";"BDBM98778";"CNCc1cccc(NC(=O)[C@@H]2CC[C@@H]3CN2C(=O)N3OS(=O)(=O)O)c1";"IC50";"'='";"22.0";"nM";"7.66";"";"215116";"UO_0000065";"19.92";"0.40";"7.31";"5.97";"0";"CHEMBL3707572";"Spectrophotometric Assay: Enzyme activities were measured in the presence of the test inhibitor in spectrophotometric assay.";"B";"BAO_0000357";"single protein format";"Pseudomonas aeruginosa";"None";"None";"None";"None";"";"";"";"CHEMBL1641350";"Beta-lactamase";"Pseudomonas aeruginosa";"SINGLE PROTEIN";"CHEMBL3639375";"37";"BindingDB Database";"";"2013";"None";"";"";""
"CHEMBL3959809";"";"None";"346.37";"0";"-1.68";"BDBM98763";"O=C(NC1C2CNCC21)[C@@H]1CC[C@@H]2CN1C(=O)N2OS(=O)(=O)O";"IC50";"'='";"720.0";"nM";"6.14";"";"215102";"UO_0000065";"17.73";"0.36";"7.82";"4.79";"0";"CHEMBL3707572";"Spectrophotometric Assay: Enzyme activities were measured in the presence of the test inhibitor in spectrophotometric assay.";"B";"BAO_0000357";"single protein format";"Pseudomonas aeruginosa";"None";"None";"None";"None";"";"";"";"CHEMBL1641350";"Beta-lactamase";"Pseudomonas aeruginosa";"SINGLE PROTEIN";"CHEMBL3639375";"37";"BindingDB Database";"";"2013";"None";"";"";""
"CHEMBL3890009";"";"None";"334.35";"0";"-1.45";"BDBM98771";"N[C@H]1CCN(C(=O)[C@@H]2CC[C@@H]3CN2C(=O)N3OS(=O)(=O)O)C1";"IC50";"'='";"1400.0";"nM";"5.85";"";"215110";"UO_0000065";"17.51";"0.36";"7.30";"4.39";"0";"CHEMBL3707572";"Spectrophotometric Assay: Enzyme activities were measured in the presence of the test inhibitor in spectrophotometric assay.";"B";"BAO_0000357";"single protein format";"Pseudomonas aeruginosa";"None";"None";"None";"None";"";"";"";"CHEMBL1641350";"Beta-lactamase";"Pseudomonas aeruginosa";"SINGLE PROTEIN";"CHEMBL3639375";"37";"BindingDB Database";"";"2013";"None";"";"";""
"CHEMBL3911936";"";"None";"342.33";"0";"0.02";"BDBM98860";"O=C(Nc1ccncc1)[C@@H]1CCC2CN1C(=O)N2OS(=O)(=O)O";"IC50";"'='";"6.0";"nM";"8.22";"";"214955";"UO_0000065";"24.02";"0.49";"8.20";"6.37";"0";"CHEMBL3707572";"Spectrophotometric Assay: Enzyme activities were measured in the presence of the test inhibitor in spectrophotometric assay.";"B";"BAO_0000357";"single protein format";"Pseudomonas aeruginosa";"None";"None";"None";"None";"";"";"";"CHEMBL1641350";"Beta-lactamase";"Pseudomonas aeruginosa";"SINGLE PROTEIN";"CHEMBL3639375";"37";"BindingDB Database";"";"2013";"None";"";"";""
"CHEMBL3953568";"";"None";"411.44";"0";"0.62";"BDBM98810";"O=C(Nc1ccc(N2CCCC2)cn1)[C@@H]1CC[C@@H]2CN1C(=O)N2OS(=O)(=O)O";"IC50";"'='";"4.0";"nM";"8.40";"";"215137";"UO_0000065";"20.41";"0.41";"7.78";"6.34";"0";"CHEMBL3707572";"Spectrophotometric Assay: Enzyme activities were measured in the presence of the test inhibitor in spectrophotometric assay.";"B";"BAO_0000357";"single protein format";"Pseudomonas aeruginosa";"None";"None";"None";"None";"";"";"";"CHEMBL1641350";"Beta-lactamase";"Pseudomonas aeruginosa";"SINGLE PROTEIN";"CHEMBL3639375";"37";"BindingDB Database";"";"2013";"None";"";"";""
"CHEMBL4115597";"";"None";"513.48";"1";"-0.12";"BDBM98849";"CC(=O)Oc1ccc(C(=O)NCCOC(=O)[C@@H]2CC[C@@H]3CN2C(=O)N3S(=O)(=O)O)cc1OC(C)=O";"IC50";"'='";"440.0";"nM";"6.36";"";"215170";"UO_0000065";"12.38";"0.25";"6.48";"3.42";"0";"CHEMBL3707572";"Spectrophotometric Assay: Enzyme activities were measured in the presence of the test inhibitor in spectrophotometric assay.";"B";"BAO_0000357";"single protein format";"Pseudomonas aeruginosa";"None";"None";"None";"None";"";"";"";"CHEMBL1641350";"Beta-lactamase";"Pseudomonas aeruginosa";"SINGLE PROTEIN";"CHEMBL3639375";"37";"BindingDB Database";"";"2013";"None";"";"";""
"CHEMBL3960469";"";"None";"392.43";"0";"-1.53";"BDBM98756";"O=C(NC(CO)C1CCNCC1)[C@@H]1CC[C@@H]2CN1C(=O)N2OS(=O)(=O)O";"IC50";"'='";"700.0";"nM";"6.16";"";"215096";"UO_0000065";"15.68";"0.32";"7.68";"4.14";"0";"CHEMBL3707572";"Spectrophotometric Assay: Enzyme activities were measured in the presence of the test inhibitor in spectrophotometric assay.";"B";"BAO_0000357";"single protein format";"Pseudomonas aeruginosa";"None";"None";"None";"None";"";"";"";"CHEMBL1641350";"Beta-lactamase";"Pseudomonas aeruginosa";"SINGLE PROTEIN";"CHEMBL3639375";"37";"BindingDB Database";"";"2013";"None";"";"";""
"CHEMBL3659511";"";"None";"348.38";"0";"-1.14";"BDBM1790";"O=C(NC1CCCNC1)[C@H]1CC[C@@H]2CN1C(=O)N2OS(=O)(=O)O";"IC50";"'='";"480.0";"nM";"6.32";"";"1983";"UO_0000065";"18.14";"0.38";"7.46";"4.93";"0";"CHEMBL3707572";"Spectrophotometric Assay: Enzyme activities were measured in the presence of the test inhibitor in spectrophotometric assay.";"B";"BAO_0000357";"single protein format";"Pseudomonas aeruginosa";"None";"None";"None";"None";"";"";"";"CHEMBL1641350";"Beta-lactamase";"Pseudomonas aeruginosa";"SINGLE PROTEIN";"CHEMBL3639375";"37";"BindingDB Database";"";"2013";"None";"";"";""
"CHEMBL3959746";"";"None";"367.36";"0";"-0.77";"BDBM98828";"O=C(O[C@@H]1CCNC[C@@H]1F)[C@@H]1CC[C@@H]2CN1C(=O)N2OS(=O)(=O)O";"IC50";"'='";"49.0";"nM";"7.31";"";"215151";"UO_0000065";"19.90";"0.42";"8.08";"5.83";"0";"CHEMBL3707572";"Spectrophotometric Assay: Enzyme activities were measured in the presence of the test inhibitor in spectrophotometric assay.";"B";"BAO_0000357";"single protein format";"Pseudomonas aeruginosa";"None";"None";"None";"None";"";"";"";"CHEMBL1641350";"Beta-lactamase";"Pseudomonas aeruginosa";"SINGLE PROTEIN";"CHEMBL3639375";"37";"BindingDB Database";"";"2013";"None";"";"";""
"CHEMBL3112743";"";"None";"334.35";"0";"-1.53";"BDBM98734";"O=C(N[C@@H]1CCNC1)[C@@H]1CC[C@@H]2CN1C(=O)N2OS(=O)(=O)O";"IC50";"'='";"29100.0";"nM";"4.54";"";"215076";"UO_0000065";"13.57";"0.28";"6.07";"3.54";"0";"CHEMBL3707572";"Spectrophotometric Assay: Enzyme activities were measured in the presence of the test inhibitor in spectrophotometric assay.";"B";"BAO_0000357";"single protein format";"Pseudomonas aeruginosa";"None";"None";"None";"None";"";"";"";"CHEMBL1641350";"Beta-lactamase";"Pseudomonas aeruginosa";"SINGLE PROTEIN";"CHEMBL3639375";"37";"BindingDB Database";"";"2013";"None";"";"";""
"CHEMBL3932417";"";"None";"370.39";"0";"0.09";"BDBM98774";"NCc1ccc(NC(=O)[C@@H]2CC[C@@H]3CN2C(=O)N3OS(=O)(=O)O)cc1";"IC50";"'='";"20.0";"nM";"7.70";"";"215112";"UO_0000065";"20.79";"0.42";"7.61";"5.41";"0";"CHEMBL3707572";"Spectrophotometric Assay: Enzyme activities were measured in the presence of the test inhibitor in spectrophotometric assay.";"B";"BAO_0000357";"single protein format";"Pseudomonas aeruginosa";"None";"None";"None";"None";"";"";"";"CHEMBL1641350";"Beta-lactamase";"Pseudomonas aeruginosa";"SINGLE PROTEIN";"CHEMBL3639375";"37";"BindingDB Database";"";"2013";"None";"";"";""
"CHEMBL3970865";"";"None";"376.44";"0";"-0.41";"BDBM98761";"O=C(NCCN1CCCCC1)[C@@H]1CC[C@@H]2CN1C(=O)N2OS(=O)(=O)O";"IC50";"'='";"180.0";"nM";"6.75";"";"215100";"UO_0000065";"17.92";"0.37";"7.15";"5.64";"0";"CHEMBL3707572";"Spectrophotometric Assay: Enzyme activities were measured in the presence of the test inhibitor in spectrophotometric assay.";"B";"BAO_0000357";"single protein format";"Pseudomonas aeruginosa";"None";"None";"None";"None";"";"";"";"CHEMBL1641350";"Beta-lactamase";"Pseudomonas aeruginosa";"SINGLE PROTEIN";"CHEMBL3639375";"37";"BindingDB Database";"";"2013";"None";"";"";""
"CHEMBL3922601";"";"None";"352.34";"0";"-1.58";"BDBM98746";"O=C(N[C@@H]1CNC[C@@H]1F)[C@@H]1CC[C@@H]2CN1C(=O)N2OS(=O)(=O)O";"IC50";"'='";"150.0";"nM";"6.82";"";"215086";"UO_0000065";"19.37";"0.41";"8.40";"5.32";"0";"CHEMBL3707572";"Spectrophotometric Assay: Enzyme activities were measured in the presence of the test inhibitor in spectrophotometric assay.";"B";"BAO_0000357";"single protein format";"Pseudomonas aeruginosa";"None";"None";"None";"None";"";"";"";"CHEMBL1641350";"Beta-lactamase";"Pseudomonas aeruginosa";"SINGLE PROTEIN";"CHEMBL3639375";"37";"BindingDB Database";"";"2013";"None";"";"";""
"CHEMBL3112744";"";"None";"362.41";"0";"-0.80";"BDBM98737";"CN1CCC(NC(=O)[C@@H]2CC[C@@H]3CN2C(=O)N3OS(=O)(=O)O)CC1";"IC50";"'='";"500.0";"nM";"6.30";"";"215078";"UO_0000065";"17.39";"0.36";"7.10";"5.27";"0";"CHEMBL3707572";"Spectrophotometric Assay: Enzyme activities were measured in the presence of the test inhibitor in spectrophotometric assay.";"B";"BAO_0000357";"single protein format";"Pseudomonas aeruginosa";"None";"None";"None";"None";"";"";"";"CHEMBL1641350";"Beta-lactamase";"Pseudomonas aeruginosa";"SINGLE PROTEIN";"CHEMBL3639375";"37";"BindingDB Database";"";"2013";"None";"";"";""
"CHEMBL3984624";"";"None";"380.40";"0";"-0.80";"BDBM98750";"O=C(N[C@@H]1CCCNC[C@@H]1F)[C@@H]1CC[C@@H]2CN1C(=O)N2OS(=O)(=O)O";"IC50";"'='";"13.0";"nM";"7.89";"";"215090";"UO_0000065";"20.73";"0.43";"8.69";"6.15";"0";"CHEMBL3707572";"Spectrophotometric Assay: Enzyme activities were measured in the presence of the test inhibitor in spectrophotometric assay.";"B";"BAO_0000357";"single protein format";"Pseudomonas aeruginosa";"None";"None";"None";"None";"";"";"";"CHEMBL1641350";"Beta-lactamase";"Pseudomonas aeruginosa";"SINGLE PROTEIN";"CHEMBL3639375";"37";"BindingDB Database";"";"2013";"None";"";"";""
"CHEMBL3932610";"";"None";"349.37";"0";"-2.60";"BDBM98743";"N[C@@H]1CNC[C@H]1NC(=O)[C@@H]1CC[C@@H]2CN1C(=O)N2OS(=O)(=O)O";"IC50";"'='";"740.0";"nM";"6.13";"";"215083";"UO_0000065";"17.55";"0.36";"8.73";"3.97";"0";"CHEMBL3707572";"Spectrophotometric Assay: Enzyme activities were measured in the presence of the test inhibitor in spectrophotometric assay.";"B";"BAO_0000357";"single protein format";"Pseudomonas aeruginosa";"None";"None";"None";"None";"";"";"";"CHEMBL1641350";"Beta-lactamase";"Pseudomonas aeruginosa";"SINGLE PROTEIN";"CHEMBL3639375";"37";"BindingDB Database";"";"2013";"None";"";"";""
"CHEMBL3929994";"";"None";"374.42";"0";"-0.80";"BDBM98768";"O=C([C@@H]1CC[C@@H]2CN1C(=O)N2OS(=O)(=O)O)N1CC2(CCNCC2)C1";"IC50";"'='";"590.0";"nM";"6.23";"";"215107";"UO_0000065";"16.64";"0.34";"7.03";"5.21";"0";"CHEMBL3707572";"Spectrophotometric Assay: Enzyme activities were measured in the presence of the test inhibitor in spectrophotometric assay.";"B";"BAO_0000357";"single protein format";"Pseudomonas aeruginosa";"None";"None";"None";"None";"";"";"";"CHEMBL1641350";"Beta-lactamase";"Pseudomonas aeruginosa";"SINGLE PROTEIN";"CHEMBL3639375";"37";"BindingDB Database";"";"2013";"None";"";"";""
"CHEMBL3922005";"";"None";"377.42";"0";"0.02";"BDBM98843";"O=C(OCCN1CCCCC1)[C@@H]1CC[C@@H]2CN1C(=O)N2OS(=O)(=O)O";"IC50";"'='";"1200.0";"nM";"5.92";"";"215165";"UO_0000065";"15.69";"0.32";"5.90";"5.07";"0";"CHEMBL3707572";"Spectrophotometric Assay: Enzyme activities were measured in the presence of the test inhibitor in spectrophotometric assay.";"B";"BAO_0000357";"single protein format";"Pseudomonas aeruginosa";"None";"None";"None";"None";"";"";"";"CHEMBL1641350";"Beta-lactamase";"Pseudomonas aeruginosa";"SINGLE PROTEIN";"CHEMBL3639375";"37";"BindingDB Database";"";"2013";"None";"";"";""
"CHEMBL3914399";"";"None";"366.37";"0";"-1.19";"BDBM98739";"O=C(N[C@@H]1CCNC[C@@H]1F)[C@@H]1CC[C@@H]2CN1C(=O)N2OS(=O)(=O)O";"IC50";"'='";"20.0";"nM";"7.70";"";"215080";"UO_0000065";"21.01";"0.44";"8.89";"6.00";"0";"CHEMBL3707572";"Spectrophotometric Assay: Enzyme activities were measured in the presence of the test inhibitor in spectrophotometric assay.";"B";"BAO_0000357";"single protein format";"Pseudomonas aeruginosa";"None";"None";"None";"None";"";"";"";"CHEMBL1641350";"Beta-lactamase";"Pseudomonas aeruginosa";"SINGLE PROTEIN";"CHEMBL3639375";"37";"BindingDB Database";"";"2013";"None";"";"";""
"CHEMBL3112591";"";"None";"357.35";"0";"-0.39";"BDBM98796";"Nc1cccc(NC(=O)[C@@H]2CC[C@@H]3CN2C(=O)N3OS(=O)(=O)O)n1";"IC50";"'='";"8.0";"nM";"8.10";"";"215129";"UO_0000065";"22.66";"0.46";"8.49";"5.22";"0";"CHEMBL3707572";"Spectrophotometric Assay: Enzyme activities were measured in the presence of the test inhibitor in spectrophotometric assay.";"B";"BAO_0000357";"single protein format";"Pseudomonas aeruginosa";"None";"None";"None";"None";"";"";"";"CHEMBL1641350";"Beta-lactamase";"Pseudomonas aeruginosa";"SINGLE PROTEIN";"CHEMBL3639375";"37";"BindingDB Database";"";"2013";"None";"";"";""
"CHEMBL3948356";"";"None";"378.41";"0";"-1.52";"BDBM98758";"O=C(NC[C@H]1CNCCCO1)[C@@H]1CC[C@@H]2CN1C(=O)N2OS(=O)(=O)O";"IC50";"'='";"15.0";"nM";"7.82";"";"215098";"UO_0000065";"20.68";"0.43";"9.34";"5.69";"0";"CHEMBL3707572";"Spectrophotometric Assay: Enzyme activities were measured in the presence of the test inhibitor in spectrophotometric assay.";"B";"BAO_0000357";"single protein format";"Pseudomonas aeruginosa";"None";"None";"None";"None";"";"";"";"CHEMBL1641350";"Beta-lactamase";"Pseudomonas aeruginosa";"SINGLE PROTEIN";"CHEMBL3639375";"37";"BindingDB Database";"";"2013";"None";"";"";""
"CHEMBL3931678";"";"None";"360.39";"0";"-1.33";"BDBM98769";"O=C([C@@H]1CC[C@@H]2CN1C(=O)N2OS(=O)(=O)O)N1CC2CNCC2C1";"IC50";"'='";"1000.0";"nM";"6.00";"";"215108";"UO_0000065";"16.65";"0.34";"7.33";"5.02";"0";"CHEMBL3707572";"Spectrophotometric Assay: Enzyme activities were measured in the presence of the test inhibitor in spectrophotometric assay.";"B";"BAO_0000357";"single protein format";"Pseudomonas aeruginosa";"None";"None";"None";"None";"";"";"";"CHEMBL1641350";"Beta-lactamase";"Pseudomonas aeruginosa";"SINGLE PROTEIN";"CHEMBL3639375";"37";"BindingDB Database";"";"2013";"None";"";"";""
"CHEMBL3892741";"";"None";"385.40";"0";"0.09";"BDBM98862";"CN(C)c1cc(NC(=O)[C@@H]2CCC3CN2C(=O)N3OS(=O)(=O)O)ccn1";"IC50";"'='";"1.6";"nM";"8.80";"";"214957";"UO_0000065";"22.82";"0.46";"8.71";"6.64";"0";"CHEMBL3707572";"Spectrophotometric Assay: Enzyme activities were measured in the presence of the test inhibitor in spectrophotometric assay.";"B";"BAO_0000357";"single protein format";"Pseudomonas aeruginosa";"None";"None";"None";"None";"";"";"";"CHEMBL1641350";"Beta-lactamase";"Pseudomonas aeruginosa";"SINGLE PROTEIN";"CHEMBL3639375";"37";"BindingDB Database";"";"2013";"None";"";"";""
"CHEMBL3900778";"";"None";"382.40";"0";"0.60";"BDBM98785";"O=C(Nc1ccc2c(c1)CCN2)[C@@H]1CC[C@@H]2CN1C(=O)N2OS(=O)(=O)O";"IC50";"'='";"56.0";"nM";"7.25";"";"215121";"UO_0000065";"18.96";"0.38";"6.65";"5.65";"0";"CHEMBL3707572";"Spectrophotometric Assay: Enzyme activities were measured in the presence of the test inhibitor in spectrophotometric assay.";"B";"BAO_0000357";"single protein format";"Pseudomonas aeruginosa";"None";"None";"None";"None";"";"";"";"CHEMBL1641350";"Beta-lactamase";"Pseudomonas aeruginosa";"SINGLE PROTEIN";"CHEMBL3639375";"37";"BindingDB Database";"";"2013";"None";"";"";""
"CHEMBL3913753";"";"None";"367.36";"0";"-0.77";"BDBM98830";"O=C(O[C@@H]1CCNC[C@H]1F)[C@@H]1CC[C@@H]2CN1C(=O)N2OS(=O)(=O)O";"IC50";"'='";"40.0";"nM";"7.40";"";"215153";"UO_0000065";"20.14";"0.42";"8.17";"5.90";"0";"CHEMBL3707572";"Spectrophotometric Assay: Enzyme activities were measured in the presence of the test inhibitor in spectrophotometric assay.";"B";"BAO_0000357";"single protein format";"Pseudomonas aeruginosa";"None";"None";"None";"None";"";"";"";"CHEMBL1641350";"Beta-lactamase";"Pseudomonas aeruginosa";"SINGLE PROTEIN";"CHEMBL3639375";"37";"BindingDB Database";"";"2013";"None";"";"";""
"CHEMBL3890757";"";"None";"335.34";"0";"-1.11";"BDBM98826";"O=C(O[C@H]1CCNC1)[C@@H]1CC[C@@H]2CN1C(=O)N2OS(=O)(=O)O";"IC50";"'='";"210.0";"nM";"6.68";"";"215149";"UO_0000065";"19.91";"0.41";"7.79";"5.32";"0";"CHEMBL3707572";"Spectrophotometric Assay: Enzyme activities were measured in the presence of the test inhibitor in spectrophotometric assay.";"B";"BAO_0000357";"single protein format";"Pseudomonas aeruginosa";"None";"None";"None";"None";"";"";"";"CHEMBL1641350";"Beta-lactamase";"Pseudomonas aeruginosa";"SINGLE PROTEIN";"CHEMBL3639375";"37";"BindingDB Database";"";"2013";"None";"";"";""
"CHEMBL3941136";"";"None";"377.42";"0";"-0.08";"BDBM98845";"CC1(COC(=O)[C@@H]2CC[C@@H]3CN2C(=O)N3OS(=O)(=O)O)CCNCC1";"IC50";"'='";"36.0";"nM";"7.44";"";"215167";"UO_0000065";"19.72";"0.41";"7.52";"5.93";"0";"CHEMBL3707572";"Spectrophotometric Assay: Enzyme activities were measured in the presence of the test inhibitor in spectrophotometric assay.";"B";"BAO_0000357";"single protein format";"Pseudomonas aeruginosa";"None";"None";"None";"None";"";"";"";"CHEMBL1641350";"Beta-lactamase";"Pseudomonas aeruginosa";"SINGLE PROTEIN";"CHEMBL3639375";"37";"BindingDB Database";"";"2013";"None";"";"";""
"CHEMBL3972003";"";"None";"353.33";"0";"-1.16";"BDBM98837";"O=C(O[C@H]1CNC[C@@H]1F)[C@@H]1CC[C@@H]2CN1C(=O)N2OS(=O)(=O)O";"IC50";"'='";"200.0";"nM";"6.70";"";"215160";"UO_0000065";"18.96";"0.40";"7.86";"5.34";"0";"CHEMBL3707572";"Spectrophotometric Assay: Enzyme activities were measured in the presence of the test inhibitor in spectrophotometric assay.";"B";"BAO_0000357";"single protein format";"Pseudomonas aeruginosa";"None";"None";"None";"None";"";"";"";"CHEMBL1641350";"Beta-lactamase";"Pseudomonas aeruginosa";"SINGLE PROTEIN";"CHEMBL3639375";"37";"BindingDB Database";"";"2013";"None";"";"";""
"CHEMBL3932241";"";"None";"367.36";"0";"-0.77";"BDBM98829";"O=C(O[C@H]1CCNC[C@H]1F)[C@@H]1CC[C@@H]2CN1C(=O)N2OS(=O)(=O)O";"IC50";"'='";"46.0";"nM";"7.34";"";"215152";"UO_0000065";"19.97";"0.42";"8.11";"5.85";"0";"CHEMBL3707572";"Spectrophotometric Assay: Enzyme activities were measured in the presence of the test inhibitor in spectrophotometric assay.";"B";"BAO_0000357";"single protein format";"Pseudomonas aeruginosa";"None";"None";"None";"None";"";"";"";"CHEMBL1641350";"Beta-lactamase";"Pseudomonas aeruginosa";"SINGLE PROTEIN";"CHEMBL3639375";"37";"BindingDB Database";"";"2013";"None";"";"";""
"CHEMBL3955696";"";"None";"343.32";"0";"-0.58";"BDBM98811";"O=C(Nc1cnccn1)[C@@H]1CC[C@@H]2CN1C(=O)N2OS(=O)(=O)O";"IC50";"'='";"6.0";"nM";"8.22";"";"215138";"UO_0000065";"23.95";"0.49";"8.80";"5.79";"0";"CHEMBL3707572";"Spectrophotometric Assay: Enzyme activities were measured in the presence of the test inhibitor in spectrophotometric assay.";"B";"BAO_0000357";"single protein format";"Pseudomonas aeruginosa";"None";"None";"None";"None";"";"";"";"CHEMBL1641350";"Beta-lactamase";"Pseudomonas aeruginosa";"SINGLE PROTEIN";"CHEMBL3639375";"37";"BindingDB Database";"";"2013";"None";"";"";""
"CHEMBL3896059";"";"None";"396.43";"0";"0.27";"BDBM98783";"O=C(Nc1ccc2c(c1)CCNC2)[C@@H]1CC[C@@H]2CN1C(=O)N2OS(=O)(=O)O";"IC50";"'='";"14.0";"nM";"7.85";"";"215119";"UO_0000065";"19.81";"0.40";"7.58";"6.12";"0";"CHEMBL3707572";"Spectrophotometric Assay: Enzyme activities were measured in the presence of the test inhibitor in spectrophotometric assay.";"B";"BAO_0000357";"single protein format";"Pseudomonas aeruginosa";"None";"None";"None";"None";"";"";"";"CHEMBL1641350";"Beta-lactamase";"Pseudomonas aeruginosa";"SINGLE PROTEIN";"CHEMBL3639375";"37";"BindingDB Database";"";"2013";"None";"";"";""
"CHEMBL3964136";"";"None";"427.44";"0";"-0.14";"BDBM98808";"O=C(Nc1ccc(N2CCOCC2)cn1)[C@@H]1CC[C@@H]2CN1C(=O)N2OS(=O)(=O)O";"IC50";"'='";"5.0";"nM";"8.30";"";"215136";"UO_0000065";"19.42";"0.39";"8.44";"5.86";"0";"CHEMBL3707572";"Spectrophotometric Assay: Enzyme activities were measured in the presence of the test inhibitor in spectrophotometric assay.";"B";"BAO_0000357";"single protein format";"Pseudomonas aeruginosa";"None";"None";"None";"None";"";"";"";"CHEMBL1641350";"Beta-lactamase";"Pseudomonas aeruginosa";"SINGLE PROTEIN";"CHEMBL3639375";"37";"BindingDB Database";"";"2013";"None";"";"";""
"CHEMBL3941396";"";"None";"370.39";"0";"0.09";"BDBM98776";"NCc1ccccc1NC(=O)[C@@H]1CC[C@@H]2CN1C(=O)N2OS(=O)(=O)O";"IC50";"'='";"292.0";"nM";"6.54";"";"215114";"UO_0000065";"17.64";"0.36";"6.44";"4.59";"0";"CHEMBL3707572";"Spectrophotometric Assay: Enzyme activities were measured in the presence of the test inhibitor in spectrophotometric assay.";"B";"BAO_0000357";"single protein format";"Pseudomonas aeruginosa";"None";"None";"None";"None";"";"";"";"CHEMBL1641350";"Beta-lactamase";"Pseudomonas aeruginosa";"SINGLE PROTEIN";"CHEMBL3639375";"37";"BindingDB Database";"";"2013";"None";"";"";""
"CHEMBL3112747";"";"None";"342.33";"0";"0.02";"BDBM98791";"O=C(Nc1cccnc1)[C@@H]1CC[C@@H]2CN1C(=O)N2OS(=O)(=O)O";"IC50";"'='";"37.0";"nM";"7.43";"";"215126";"UO_0000065";"21.71";"0.44";"7.41";"5.75";"0";"CHEMBL3707572";"Spectrophotometric Assay: Enzyme activities were measured in the presence of the test inhibitor in spectrophotometric assay.";"B";"BAO_0000357";"single protein format";"Pseudomonas aeruginosa";"None";"None";"None";"None";"";"";"";"CHEMBL1641350";"Beta-lactamase";"Pseudomonas aeruginosa";"SINGLE PROTEIN";"CHEMBL3639375";"37";"BindingDB Database";"";"2013";"None";"";"";""
"CHEMBL3112754";"";"None";"362.41";"0";"-0.80";"BDBM98764";"CN(C(=O)[C@@H]1CC[C@@H]2CN1C(=O)N2OS(=O)(=O)O)C1CCNCC1";"IC50";"'='";"290.0";"nM";"6.54";"";"215103";"UO_0000065";"18.04";"0.37";"7.34";"5.47";"0";"CHEMBL3707572";"Spectrophotometric Assay: Enzyme activities were measured in the presence of the test inhibitor in spectrophotometric assay.";"B";"BAO_0000357";"single protein format";"Pseudomonas aeruginosa";"None";"None";"None";"None";"";"";"";"CHEMBL1641350";"Beta-lactamase";"Pseudomonas aeruginosa";"SINGLE PROTEIN";"CHEMBL3639375";"37";"BindingDB Database";"";"2013";"None";"";"";""
"CHEMBL3908919";"";"None";"363.39";"0";"-0.33";"BDBM98823";"O=C(O[C@@H]1CCCNCC1)[C@@H]1CC[C@@H]2CN1C(=O)N2OS(=O)(=O)O";"IC50";"'='";"33000.0";"nM";"4.48";"";"215146";"UO_0000065";"12.33";"0.26";"4.81";"3.57";"0";"CHEMBL3707572";"Spectrophotometric Assay: Enzyme activities were measured in the presence of the test inhibitor in spectrophotometric assay.";"B";"BAO_0000357";"single protein format";"Pseudomonas aeruginosa";"None";"None";"None";"None";"";"";"";"CHEMBL1641350";"Beta-lactamase";"Pseudomonas aeruginosa";"SINGLE PROTEIN";"CHEMBL3639375";"37";"BindingDB Database";"";"2013";"None";"";"";""
"CHEMBL3977380";"";"None";"371.38";"0";"-0.52";"BDBM98799";"NCc1ccnc(NC(=O)[C@@H]2CC[C@@H]3CN2C(=O)N3OS(=O)(=O)O)c1";"IC50";"'='";"2.0";"nM";"8.70";"";"215131";"UO_0000065";"23.42";"0.48";"9.22";"5.61";"0";"CHEMBL3707572";"Spectrophotometric Assay: Enzyme activities were measured in the presence of the test inhibitor in spectrophotometric assay.";"B";"BAO_0000357";"single protein format";"Pseudomonas aeruginosa";"None";"None";"None";"None";"";"";"";"CHEMBL1641350";"Beta-lactamase";"Pseudomonas aeruginosa";"SINGLE PROTEIN";"CHEMBL3639375";"37";"BindingDB Database";"";"2013";"None";"";"";""
"CHEMBL3913452";"";"None";"334.35";"0";"-1.58";"BDBM98767";"O=C([C@@H]1CC[C@@H]2CN1C(=O)N2OS(=O)(=O)O)N1CCNCC1";"IC50";"'='";"2200.0";"nM";"5.66";"";"215106";"UO_0000065";"16.92";"0.35";"7.24";"4.73";"0";"CHEMBL3707572";"Spectrophotometric Assay: Enzyme activities were measured in the presence of the test inhibitor in spectrophotometric assay.";"B";"BAO_0000357";"single protein format";"Pseudomonas aeruginosa";"None";"None";"None";"None";"";"";"";"CHEMBL1641350";"Beta-lactamase";"Pseudomonas aeruginosa";"SINGLE PROTEIN";"CHEMBL3639375";"37";"BindingDB Database";"";"2013";"None";"";"";""
"CHEMBL3895684";"";"None";"353.33";"0";"-1.16";"BDBM98835";"O=C(O[C@H]1CNC[C@H]1F)[C@@H]1CC[C@@H]2CN1C(=O)N2OS(=O)(=O)O";"IC50";"'='";"38.0";"nM";"7.42";"";"215158";"UO_0000065";"21.00";"0.44";"8.58";"5.91";"0";"CHEMBL3707572";"Spectrophotometric Assay: Enzyme activities were measured in the presence of the test inhibitor in spectrophotometric assay.";"B";"BAO_0000357";"single protein format";"Pseudomonas aeruginosa";"None";"None";"None";"None";"";"";"";"CHEMBL1641350";"Beta-lactamase";"Pseudomonas aeruginosa";"SINGLE PROTEIN";"CHEMBL3639375";"37";"BindingDB Database";"";"2013";"None";"";"";""
"CHEMBL3934106";"";"None";"425.47";"0";"0.49";"BDBM98854";"O=C(Nc1ccc(C2CCNCC2)cn1)[C@@H]1CCC2CN1C(=O)N2OS(=O)(=O)O";"IC50";"'='";"6.0";"nM";"8.22";"";"215072";"UO_0000065";"19.32";"0.39";"7.73";"5.82";"0";"CHEMBL3707572";"Spectrophotometric Assay: Enzyme activities were measured in the presence of the test inhibitor in spectrophotometric assay.";"B";"BAO_0000357";"single protein format";"Pseudomonas aeruginosa";"None";"None";"None";"None";"";"";"";"CHEMBL1641350";"Beta-lactamase";"Pseudomonas aeruginosa";"SINGLE PROTEIN";"CHEMBL3639375";"37";"BindingDB Database";"";"2013";"None";"";"";""
"CHEMBL3961606";"";"None";"363.39";"0";"-0.47";"BDBM98855";"O=C(OCC1CCNCC1)[C@@H]1CCC2CN1C(=O)N2OS(=O)(=O)O";"IC50";"'='";"180.0";"nM";"6.75";"";"215073";"UO_0000065";"18.56";"0.38";"7.21";"5.38";"0";"CHEMBL3707572";"Spectrophotometric Assay: Enzyme activities were measured in the presence of the test inhibitor in spectrophotometric assay.";"B";"BAO_0000357";"single protein format";"Pseudomonas aeruginosa";"None";"None";"None";"None";"";"";"";"CHEMBL1641350";"Beta-lactamase";"Pseudomonas aeruginosa";"SINGLE PROTEIN";"CHEMBL3639375";"37";"BindingDB Database";"";"2013";"None";"";"";""
"CHEMBL3939469";"";"None";"427.44";"0";"-1.17";"BDBM98814";"O=C(Nc1ccnc(N2CCNCC2)n1)[C@@H]1CC[C@@H]2CN1C(=O)N2OS(=O)(=O)O";"IC50";"'='";"260.0";"nM";"6.58";"";"215140";"UO_0000065";"15.41";"0.31";"7.76";"4.19";"0";"CHEMBL3707572";"Spectrophotometric Assay: Enzyme activities were measured in the presence of the test inhibitor in spectrophotometric assay.";"B";"BAO_0000357";"single protein format";"Pseudomonas aeruginosa";"None";"None";"None";"None";"";"";"";"CHEMBL1641350";"Beta-lactamase";"Pseudomonas aeruginosa";"SINGLE PROTEIN";"CHEMBL3639375";"37";"BindingDB Database";"";"2013";"None";"";"";""
"CHEMBL3942398";"";"None";"366.37";"0";"-1.19";"BDBM98738";"O=C(N[C@H]1CCNC[C@@H]1F)[C@@H]1CC[C@@H]2CN1C(=O)N2OS(=O)(=O)O";"IC50";"'='";"110.0";"nM";"6.96";"";"215079";"UO_0000065";"18.99";"0.40";"8.15";"5.42";"0";"CHEMBL3707572";"Spectrophotometric Assay: Enzyme activities were measured in the presence of the test inhibitor in spectrophotometric assay.";"B";"BAO_0000357";"single protein format";"Pseudomonas aeruginosa";"None";"None";"None";"None";"";"";"";"CHEMBL1641350";"Beta-lactamase";"Pseudomonas aeruginosa";"SINGLE PROTEIN";"CHEMBL3639375";"37";"BindingDB Database";"";"2013";"None";"";"";""
"CHEMBL3922994";"";"None";"420.43";"0";"-0.72";"BDBM98789";"NS(=O)(=O)c1ccc(NC(=O)[C@@H]2CC[C@@H]3CN2C(=O)N3OS(=O)(=O)O)cc1";"IC50";"'='";"7.0";"nM";"8.15";"";"215124";"UO_0000065";"19.40";"0.41";"8.87";"4.62";"0";"CHEMBL3707572";"Spectrophotometric Assay: Enzyme activities were measured in the presence of the test inhibitor in spectrophotometric assay.";"B";"BAO_0000357";"single protein format";"Pseudomonas aeruginosa";"None";"None";"None";"None";"";"";"";"CHEMBL1641350";"Beta-lactamase";"Pseudomonas aeruginosa";"SINGLE PROTEIN";"CHEMBL3639375";"37";"BindingDB Database";"";"2013";"None";"";"";""
"CHEMBL3987101";"";"None";"370.39";"0";"-0.35";"BDBM98863";"NCc1cc(CC(=O)[C@@H]2CCC3CN2C(=O)N3OS(=O)(=O)O)ccn1";"IC50";"'='";"20.0";"nM";"7.70";"";"214958";"UO_0000065";"20.79";"0.42";"8.05";"5.38";"0";"CHEMBL3707572";"Spectrophotometric Assay: Enzyme activities were measured in the presence of the test inhibitor in spectrophotometric assay.";"B";"BAO_0000357";"single protein format";"Pseudomonas aeruginosa";"None";"None";"None";"None";"";"";"";"CHEMBL1641350";"Beta-lactamase";"Pseudomonas aeruginosa";"SINGLE PROTEIN";"CHEMBL3639375";"37";"BindingDB Database";"";"2013";"None";"";"";""
"CHEMBL3958442";"";"None";"336.33";"0";"-1.99";"BDBM98840";"O=C(OC1CNNC1)[C@@H]1CC[C@@H]2CN1C(=O)N2OS(=O)(=O)O";"IC50";"'='";"700.0";"nM";"6.16";"";"215163";"UO_0000065";"18.30";"0.38";"8.14";"4.48";"0";"CHEMBL3707572";"Spectrophotometric Assay: Enzyme activities were measured in the presence of the test inhibitor in spectrophotometric assay.";"B";"BAO_0000357";"single protein format";"Pseudomonas aeruginosa";"None";"None";"None";"None";"";"";"";"CHEMBL1641350";"Beta-lactamase";"Pseudomonas aeruginosa";"SINGLE PROTEIN";"CHEMBL3639375";"37";"BindingDB Database";"";"2013";"None";"";"";""
"CHEMBL3896225";"";"None";"403.44";"0";"-0.27";"BDBM98820";"O=C(Nc1nc2c(s1)CNCC2)[C@@H]1CC[C@@H]2CN1C(=O)N2OS(=O)(=O)O";"IC50";"'='";"10.0";"nM";"8.00";"";"215144";"UO_0000065";"19.83";"0.42";"8.27";"5.67";"0";"CHEMBL3707572";"Spectrophotometric Assay: Enzyme activities were measured in the presence of the test inhibitor in spectrophotometric assay.";"B";"BAO_0000357";"single protein format";"Pseudomonas aeruginosa";"None";"None";"None";"None";"";"";"";"CHEMBL1641350";"Beta-lactamase";"Pseudomonas aeruginosa";"SINGLE PROTEIN";"CHEMBL3639375";"37";"BindingDB Database";"";"2013";"None";"";"";""
"CHEMBL3918030";"";"None";"334.35";"0";"-1.45";"BDBM98770";"N[C@@H]1CCN(C(=O)[C@@H]2CC[C@@H]3CN2C(=O)N3OS(=O)(=O)O)C1";"IC50";"'='";"840.0";"nM";"6.08";"";"215109";"UO_0000065";"18.17";"0.38";"7.53";"4.55";"0";"CHEMBL3707572";"Spectrophotometric Assay: Enzyme activities were measured in the presence of the test inhibitor in spectrophotometric assay.";"B";"BAO_0000357";"single protein format";"Pseudomonas aeruginosa";"None";"None";"None";"None";"";"";"";"CHEMBL1641350";"Beta-lactamase";"Pseudomonas aeruginosa";"SINGLE PROTEIN";"CHEMBL3639375";"37";"BindingDB Database";"";"2013";"None";"";"";""
"CHEMBL3947285";"";"None";"348.38";"0";"-1.14";"BDBM98753";"O=C(NCC1CCCN1)[C@@H]1CC[C@@H]2CN1C(=O)N2OS(=O)(=O)O";"IC50";"'='";"250.0";"nM";"6.60";"";"215093";"UO_0000065";"18.95";"0.39";"7.74";"5.15";"0";"CHEMBL3707572";"Spectrophotometric Assay: Enzyme activities were measured in the presence of the test inhibitor in spectrophotometric assay.";"B";"BAO_0000357";"single protein format";"Pseudomonas aeruginosa";"None";"None";"None";"None";"";"";"";"CHEMBL1641350";"Beta-lactamase";"Pseudomonas aeruginosa";"SINGLE PROTEIN";"CHEMBL3639375";"37";"BindingDB Database";"";"2013";"None";"";"";""
"CHEMBL3981837";"";"None";"425.47";"0";"0.49";"BDBM98804";"O=C(Nc1cccc(C2CCNCC2)n1)[C@@H]1CC[C@@H]2CN1C(=O)N2OS(=O)(=O)O";"IC50";"'='";"270.0";"nM";"6.57";"";"215134";"UO_0000065";"15.44";"0.31";"6.08";"4.65";"0";"CHEMBL3707572";"Spectrophotometric Assay: Enzyme activities were measured in the presence of the test inhibitor in spectrophotometric assay.";"B";"BAO_0000357";"single protein format";"Pseudomonas aeruginosa";"None";"None";"None";"None";"";"";"";"CHEMBL1641350";"Beta-lactamase";"Pseudomonas aeruginosa";"SINGLE PROTEIN";"CHEMBL3639375";"37";"BindingDB Database";"";"2013";"None";"";"";""
"CHEMBL3910351";"";"None";"385.40";"0";"0.09";"BDBM98798";"CN(C)c1ccnc(NC(=O)[C@@H]2CC[C@@H]3CN2C(=O)N3OS(=O)(=O)O)c1";"IC50";"'='";"3.0";"nM";"8.52";"";"215130";"UO_0000065";"22.11";"0.45";"8.43";"6.44";"0";"CHEMBL3707572";"Spectrophotometric Assay: Enzyme activities were measured in the presence of the test inhibitor in spectrophotometric assay.";"B";"BAO_0000357";"single protein format";"Pseudomonas aeruginosa";"None";"None";"None";"None";"";"";"";"CHEMBL1641350";"Beta-lactamase";"Pseudomonas aeruginosa";"SINGLE PROTEIN";"CHEMBL3639375";"37";"BindingDB Database";"";"2013";"None";"";"";""
"CHEMBL3906670";"";"None";"333.37";"0";"-0.44";"BDBM98731";"O=C(CC1CCNC1)[C@@H]1CCC2CN1C(=O)N2OS(=O)(=O)O";"IC50";"'='";"29000.0";"nM";"4.54";"";"214954";"UO_0000065";"13.61";"0.28";"4.98";"3.90";"0";"CHEMBL3707572";"Spectrophotometric Assay: Enzyme activities were measured in the presence of the test inhibitor in spectrophotometric assay.";"B";"BAO_0000357";"single protein format";"Pseudomonas aeruginosa";"None";"None";"None";"None";"";"";"";"CHEMBL1641350";"Beta-lactamase";"Pseudomonas aeruginosa";"SINGLE PROTEIN";"CHEMBL3639375";"37";"BindingDB Database";"";"2013";"None";"";"";""
"CHEMBL3968922";"";"None";"362.41";"0";"-0.75";"BDBM98858";"O=C(NC1CCCNCC1)[C@@H]1CCC2CN1C(=O)N2OS(=O)(=O)O";"IC50";"'='";"69.0";"nM";"7.16";"";"214953";"UO_0000065";"19.76";"0.41";"7.91";"5.58";"0";"CHEMBL3707572";"Spectrophotometric Assay: Enzyme activities were measured in the presence of the test inhibitor in spectrophotometric assay.";"B";"BAO_0000357";"single protein format";"Pseudomonas aeruginosa";"None";"None";"None";"None";"";"";"";"CHEMBL1641350";"Beta-lactamase";"Pseudomonas aeruginosa";"SINGLE PROTEIN";"CHEMBL3639375";"37";"BindingDB Database";"";"2013";"None";"";"";""
"CHEMBL3984986";"";"None";"398.44";"0";"0.69";"BDBM98780";"CN(C)Cc1ccc(NC(=O)[C@@H]2CC[C@@H]3CN2C(=O)N3OS(=O)(=O)O)cc1";"IC50";"'='";"18.0";"nM";"7.75";"";"215117";"UO_0000065";"19.44";"0.39";"7.05";"6.48";"0";"CHEMBL3707572";"Spectrophotometric Assay: Enzyme activities were measured in the presence of the test inhibitor in spectrophotometric assay.";"B";"BAO_0000357";"single protein format";"Pseudomonas aeruginosa";"None";"None";"None";"None";"";"";"";"CHEMBL1641350";"Beta-lactamase";"Pseudomonas aeruginosa";"SINGLE PROTEIN";"CHEMBL3639375";"37";"BindingDB Database";"";"2013";"None";"";"";""
"CHEMBL3976550";"";"None";"352.34";"0";"-1.58";"BDBM98752";"O=C(NCC1(F)CNC1)[C@@H]1CC[C@@H]2CN1C(=O)N2OS(=O)(=O)O";"IC50";"'='";"40.0";"nM";"7.40";"";"215092";"UO_0000065";"21.00";"0.44";"8.98";"5.77";"0";"CHEMBL3707572";"Spectrophotometric Assay: Enzyme activities were measured in the presence of the test inhibitor in spectrophotometric assay.";"B";"BAO_0000357";"single protein format";"Pseudomonas aeruginosa";"None";"None";"None";"None";"";"";"";"CHEMBL1641350";"Beta-lactamase";"Pseudomonas aeruginosa";"SINGLE PROTEIN";"CHEMBL3639375";"37";"BindingDB Database";"";"2013";"None";"";"";""
"CHEMBL3931511";"";"None";"431.47";"0";"-1.54";"BDBM98748";"O=C(N[C@H]1CCN(C2CCNCC2)C1=O)[C@@H]1CC[C@@H]2CN1C(=O)N2OS(=O)(=O)O";"IC50";"'='";"620.0";"nM";"6.21";"";"215088";"UO_0000065";"14.39";"0.29";"7.75";"4.18";"0";"CHEMBL3707572";"Spectrophotometric Assay: Enzyme activities were measured in the presence of the test inhibitor in spectrophotometric assay.";"B";"BAO_0000357";"single protein format";"Pseudomonas aeruginosa";"None";"None";"None";"None";"";"";"";"CHEMBL1641350";"Beta-lactamase";"Pseudomonas aeruginosa";"SINGLE PROTEIN";"CHEMBL3639375";"37";"BindingDB Database";"";"2013";"None";"";"";""
"CHEMBL3935623";"";"None";"371.37";"0";"0.05";"BDBM98847";"NCc1ccc(OC(=O)[C@@H]2CC[C@@H]3CN2C(=O)N3OS(=O)(=O)O)cc1";"IC50";"'='";"24.0";"nM";"7.62";"";"215169";"UO_0000065";"20.52";"0.42";"7.57";"5.46";"0";"CHEMBL3707572";"Spectrophotometric Assay: Enzyme activities were measured in the presence of the test inhibitor in spectrophotometric assay.";"B";"BAO_0000357";"single protein format";"Pseudomonas aeruginosa";"None";"None";"None";"None";"";"";"";"CHEMBL1641350";"Beta-lactamase";"Pseudomonas aeruginosa";"SINGLE PROTEIN";"CHEMBL3639375";"37";"BindingDB Database";"";"2013";"None";"";"";""
"CHEMBL3112753";"";"None";"362.41";"0";"-0.89";"BDBM98755";"O=C(NCC1CCNCC1)[C@@H]1CC[C@@H]2CN1C(=O)N2OS(=O)(=O)O";"IC50";"'='";"30.0";"nM";"7.52";"";"215095";"UO_0000065";"20.76";"0.43";"8.41";"5.86";"0";"CHEMBL3707572";"Spectrophotometric Assay: Enzyme activities were measured in the presence of the test inhibitor in spectrophotometric assay.";"B";"BAO_0000357";"single protein format";"Pseudomonas aeruginosa";"None";"None";"None";"None";"";"";"";"CHEMBL1641350";"Beta-lactamase";"Pseudomonas aeruginosa";"SINGLE PROTEIN";"CHEMBL3639375";"37";"BindingDB Database";"";"2013";"None";"";"";""
"CHEMBL3112748";"";"None";"342.33";"0";"0.02";"BDBM98792";"O=C(Nc1ccccn1)[C@@H]1CC[C@@H]2CN1C(=O)N2OS(=O)(=O)O";"IC50";"'='";"1.2";"nM";"8.92";"";"215127";"UO_0000065";"26.06";"0.53";"8.90";"6.91";"0";"CHEMBL3707572";"Spectrophotometric Assay: Enzyme activities were measured in the presence of the test inhibitor in spectrophotometric assay.";"B";"BAO_0000357";"single protein format";"Pseudomonas aeruginosa";"None";"None";"None";"None";"";"";"";"CHEMBL1641350";"Beta-lactamase";"Pseudomonas aeruginosa";"SINGLE PROTEIN";"CHEMBL3639375";"37";"BindingDB Database";"";"2013";"None";"";"";""
"CHEMBL3895474";"";"None";"362.41";"0";"-0.85";"BDBM98773";"CN(C)C1CCN(C(=O)[C@@H]2CC[C@@H]3CN2C(=O)N3OS(=O)(=O)O)C1";"IC50";"'='";"270.0";"nM";"6.57";"";"215111";"UO_0000065";"18.12";"0.37";"7.42";"5.93";"0";"CHEMBL3707572";"Spectrophotometric Assay: Enzyme activities were measured in the presence of the test inhibitor in spectrophotometric assay.";"B";"BAO_0000357";"single protein format";"Pseudomonas aeruginosa";"None";"None";"None";"None";"";"";"";"CHEMBL1641350";"Beta-lactamase";"Pseudomonas aeruginosa";"SINGLE PROTEIN";"CHEMBL3639375";"37";"BindingDB Database";"";"2013";"None";"";"";""
"CHEMBL3925213";"";"None";"366.37";"0";"-1.19";"BDBM98852";"O=C(NC1CCNC[C@H]1F)[C@@H]1CCC2CN1C(=O)N2OS(=O)(=O)O";"IC50";"'='";"49.0";"nM";"7.31";"";"215070";"UO_0000065";"19.95";"0.42";"8.50";"5.70";"0";"CHEMBL3707572";"Spectrophotometric Assay: Enzyme activities were measured in the presence of the test inhibitor in spectrophotometric assay.";"B";"BAO_0000357";"single protein format";"Pseudomonas aeruginosa";"None";"None";"None";"None";"";"";"";"CHEMBL1641350";"Beta-lactamase";"Pseudomonas aeruginosa";"SINGLE PROTEIN";"CHEMBL3639375";"37";"BindingDB Database";"";"2013";"None";"";"";""
"CHEMBL3933009";"";"None";"378.41";"0";"-1.52";"BDBM98757";"O=C(NC[C@@H]1CNCCCO1)[C@@H]1CC[C@@H]2CN1C(=O)N2OS(=O)(=O)O";"IC50";"'='";"100.0";"nM";"7.00";"";"215097";"UO_0000065";"18.50";"0.38";"8.52";"5.09";"0";"CHEMBL3707572";"Spectrophotometric Assay: Enzyme activities were measured in the presence of the test inhibitor in spectrophotometric assay.";"B";"BAO_0000357";"single protein format";"Pseudomonas aeruginosa";"None";"None";"None";"None";"";"";"";"CHEMBL1641350";"Beta-lactamase";"Pseudomonas aeruginosa";"SINGLE PROTEIN";"CHEMBL3639375";"37";"BindingDB Database";"";"2013";"None";"";"";""
"CHEMBL3919215";"";"None";"320.33";"0";"-1.92";"BDBM98733";"O=C(NC1CNC1)[C@@H]1CC[C@@H]2CN1C(=O)N2OS(=O)(=O)O";"IC50";"'='";"1000.0";"nM";"6.00";"";"215075";"UO_0000065";"18.73";"0.39";"7.92";"4.68";"0";"CHEMBL3707572";"Spectrophotometric Assay: Enzyme activities were measured in the presence of the test inhibitor in spectrophotometric assay.";"B";"BAO_0000357";"single protein format";"Pseudomonas aeruginosa";"None";"None";"None";"None";"";"";"";"CHEMBL1641350";"Beta-lactamase";"Pseudomonas aeruginosa";"SINGLE PROTEIN";"CHEMBL3639375";"37";"BindingDB Database";"";"2013";"None";"";"";""
"CHEMBL3921900";"";"None";"348.38";"0";"-1.14";"BDBM98732";"O=C(NC1CCCNC1)[C@@H]1CC[C@@H]2CN1C(=O)N2OS(=O)(=O)O";"IC50";"'='";"64.0";"nM";"7.19";"";"215074";"UO_0000065";"20.65";"0.43";"8.33";"5.61";"0";"CHEMBL3707572";"Spectrophotometric Assay: Enzyme activities were measured in the presence of the test inhibitor in spectrophotometric assay.";"B";"BAO_0000357";"single protein format";"Pseudomonas aeruginosa";"None";"None";"None";"None";"";"";"";"CHEMBL1641350";"Beta-lactamase";"Pseudomonas aeruginosa";"SINGLE PROTEIN";"CHEMBL3639375";"37";"BindingDB Database";"";"2013";"None";"";"";""
"CHEMBL3963057";"";"None";"379.39";"0";"-1.09";"BDBM98846";"O=C(OCC1CNCCCO1)[C@@H]1CC[C@@H]2CN1C(=O)N2OS(=O)(=O)O";"IC50";"'='";"340.0";"nM";"6.47";"";"215168";"UO_0000065";"17.05";"0.35";"7.56";"4.80";"0";"CHEMBL3707572";"Spectrophotometric Assay: Enzyme activities were measured in the presence of the test inhibitor in spectrophotometric assay.";"B";"BAO_0000357";"single protein format";"Pseudomonas aeruginosa";"None";"None";"None";"None";"";"";"";"CHEMBL1641350";"Beta-lactamase";"Pseudomonas aeruginosa";"SINGLE PROTEIN";"CHEMBL3639375";"37";"BindingDB Database";"";"2013";"None";"";"";""
"CHEMBL3904412";"";"None";"370.39";"0";"0.09";"BDBM98775";"NCc1cccc(NC(=O)[C@@H]2CC[C@@H]3CN2C(=O)N3OS(=O)(=O)O)c1";"IC50";"'='";"34.0";"nM";"7.47";"";"215113";"UO_0000065";"20.16";"0.41";"7.38";"5.25";"0";"CHEMBL3707572";"Spectrophotometric Assay: Enzyme activities were measured in the presence of the test inhibitor in spectrophotometric assay.";"B";"BAO_0000357";"single protein format";"Pseudomonas aeruginosa";"None";"None";"None";"None";"";"";"";"CHEMBL1641350";"Beta-lactamase";"Pseudomonas aeruginosa";"SINGLE PROTEIN";"CHEMBL3639375";"37";"BindingDB Database";"";"2013";"None";"";"";""
"CHEMBL3944847";"";"None";"345.34";"0";"-0.64";"BDBM98816";"Cn1ccnc1NC(=O)[C@@H]1CC[C@@H]2CN1C(=O)N2OS(=O)(=O)O";"IC50";"'='";"240.0";"nM";"6.62";"";"215141";"UO_0000065";"19.17";"0.39";"7.26";"4.94";"0";"CHEMBL3707572";"Spectrophotometric Assay: Enzyme activities were measured in the presence of the test inhibitor in spectrophotometric assay.";"B";"BAO_0000357";"single protein format";"Pseudomonas aeruginosa";"None";"None";"None";"None";"";"";"";"CHEMBL1641350";"Beta-lactamase";"Pseudomonas aeruginosa";"SINGLE PROTEIN";"CHEMBL3639375";"37";"BindingDB Database";"";"2013";"None";"";"";""
"CHEMBL3944458";"";"None";"377.42";"0";"-0.08";"BDBM98844";"O=C(OCCC1CCNCC1)[C@@H]1CC[C@@H]2CN1C(=O)N2OS(=O)(=O)O";"IC50";"'='";"165.0";"nM";"6.78";"";"215166";"UO_0000065";"17.97";"0.37";"6.86";"5.41";"0";"CHEMBL3707572";"Spectrophotometric Assay: Enzyme activities were measured in the presence of the test inhibitor in spectrophotometric assay.";"B";"BAO_0000357";"single protein format";"Pseudomonas aeruginosa";"None";"None";"None";"None";"";"";"";"CHEMBL1641350";"Beta-lactamase";"Pseudomonas aeruginosa";"SINGLE PROTEIN";"CHEMBL3639375";"37";"BindingDB Database";"";"2013";"None";"";"";""
"CHEMBL3971570";"";"None";"362.41";"0";"-0.75";"BDBM98754";"O=C(NCC1CCCCN1)[C@@H]1CC[C@@H]2CN1C(=O)N2OS(=O)(=O)O";"IC50";"'='";"530.0";"nM";"6.28";"";"215094";"UO_0000065";"17.32";"0.36";"7.03";"4.89";"0";"CHEMBL3707572";"Spectrophotometric Assay: Enzyme activities were measured in the presence of the test inhibitor in spectrophotometric assay.";"B";"BAO_0000357";"single protein format";"Pseudomonas aeruginosa";"None";"None";"None";"None";"";"";"";"CHEMBL1641350";"Beta-lactamase";"Pseudomonas aeruginosa";"SINGLE PROTEIN";"CHEMBL3639375";"37";"BindingDB Database";"";"2013";"None";"";"";""
"CHEMBL3301605";"RELEBACTAM";"4.0";"366.40";"0";"-1.14";"BDBM1858";"O.O=C(NC1CCNCC1)[C@@H]1CC[C@@H]2CN1C(=O)N2OS(=O)(=O)O";"IC50";"'='";"465.0";"nM";"6.33";"";"2650";"UO_0000065";"18.18";"0.38";"7.47";"4.94";"0";"CHEMBL3707572";"Spectrophotometric Assay: Enzyme activities were measured in the presence of the test inhibitor in spectrophotometric assay.";"B";"BAO_0000357";"single protein format";"Pseudomonas aeruginosa";"None";"None";"None";"None";"";"";"";"CHEMBL1641350";"Beta-lactamase";"Pseudomonas aeruginosa";"SINGLE PROTEIN";"CHEMBL3639375";"37";"BindingDB Database";"";"2013";"None";"";"";""
"CHEMBL3112751";"";"None";"385.35";"0";"0.33";"BDBM98787";"O=C(O)c1ccc(NC(=O)[C@@H]2CC[C@@H]3CN2C(=O)N3OS(=O)(=O)O)cc1";"IC50";"'='";"11.0";"nM";"7.96";"";"215122";"UO_0000065";"20.65";"0.42";"7.63";"5.18";"0";"CHEMBL3707572";"Spectrophotometric Assay: Enzyme activities were measured in the presence of the test inhibitor in spectrophotometric assay.";"B";"BAO_0000357";"single protein format";"Pseudomonas aeruginosa";"None";"None";"None";"None";"";"";"";"CHEMBL1641350";"Beta-lactamase";"Pseudomonas aeruginosa";"SINGLE PROTEIN";"CHEMBL3639375";"37";"BindingDB Database";"";"2013";"None";"";"";""
"CHEMBL3981884";"";"None";"372.36";"0";"0.03";"BDBM98861";"COc1cc(NC(=O)[C@@H]2CCC3CN2C(=O)N3OS(=O)(=O)O)ccn1";"IC50";"'='";"1.1";"nM";"8.96";"";"214956";"UO_0000065";"24.06";"0.49";"8.93";"6.47";"0";"CHEMBL3707572";"Spectrophotometric Assay: Enzyme activities were measured in the presence of the test inhibitor in spectrophotometric assay.";"B";"BAO_0000357";"single protein format";"Pseudomonas aeruginosa";"None";"None";"None";"None";"";"";"";"CHEMBL1641350";"Beta-lactamase";"Pseudomonas aeruginosa";"SINGLE PROTEIN";"CHEMBL3639375";"37";"BindingDB Database";"";"2013";"None";"";"";""
"CHEMBL3962320";"";"None";"348.38";"0";"-1.14";"BDBM98857";"O=C(NC1CCNCC1)[C@@H]1CCC2CN1C(=O)N2OS(=O)(=O)O";"IC50";"'='";"465.0";"nM";"6.33";"";"214952";"UO_0000065";"18.18";"0.38";"7.47";"4.94";"0";"CHEMBL3707572";"Spectrophotometric Assay: Enzyme activities were measured in the presence of the test inhibitor in spectrophotometric assay.";"B";"BAO_0000357";"single protein format";"Pseudomonas aeruginosa";"None";"None";"None";"None";"";"";"";"CHEMBL1641350";"Beta-lactamase";"Pseudomonas aeruginosa";"SINGLE PROTEIN";"CHEMBL3639375";"37";"BindingDB Database";"";"2013";"None";"";"";""
"CHEMBL3951105";"";"None";"335.34";"0";"-1.11";"BDBM98825";"O=C(O[C@@H]1CCNC1)[C@@H]1CC[C@@H]2CN1C(=O)N2OS(=O)(=O)O";"IC50";"'='";"3000.0";"nM";"5.52";"";"215148";"UO_0000065";"16.47";"0.34";"6.63";"4.40";"0";"CHEMBL3707572";"Spectrophotometric Assay: Enzyme activities were measured in the presence of the test inhibitor in spectrophotometric assay.";"B";"BAO_0000357";"single protein format";"Pseudomonas aeruginosa";"None";"None";"None";"None";"";"";"";"CHEMBL1641350";"Beta-lactamase";"Pseudomonas aeruginosa";"SINGLE PROTEIN";"CHEMBL3639375";"37";"BindingDB Database";"";"2013";"None";"";"";""
"CHEMBL3947548";"";"None";"762.70";"2";"0.53";"BDBM98851";"CC(=O)Oc1ccc(C(=O)NCC(CNC(=O)c2ccc(OC(C)=O)c(OC(C)=O)c2)OC(=O)[C@@H]2CC[C@@H]3CN2C(=O)N3S(=O)(=O)O)cc1OC(C)=O";"IC50";"'='";"61.0";"nM";"7.21";"";"215171";"UO_0000065";"9.46";"0.19";"6.68";"2.70";"0";"CHEMBL3707572";"Spectrophotometric Assay: Enzyme activities were measured in the presence of the test inhibitor in spectrophotometric assay.";"B";"BAO_0000357";"single protein format";"Pseudomonas aeruginosa";"None";"None";"None";"None";"";"";"";"CHEMBL1641350";"Beta-lactamase";"Pseudomonas aeruginosa";"SINGLE PROTEIN";"CHEMBL3639375";"37";"BindingDB Database";"";"2013";"None";"";"";""
"CHEMBL3112757";"";"None";"362.41";"0";"-0.75";"BDBM98735";"O=C(N[C@@H]1CCCNCC1)[C@@H]1CC[C@@H]2CN1C(=O)N2OS(=O)(=O)O";"IC50";"'='";"520.0";"nM";"6.28";"";"215077";"UO_0000065";"17.34";"0.36";"7.03";"4.90";"0";"CHEMBL3707572";"Spectrophotometric Assay: Enzyme activities were measured in the presence of the test inhibitor in spectrophotometric assay.";"B";"BAO_0000357";"single protein format";"Pseudomonas aeruginosa";"None";"None";"None";"None";"";"";"";"CHEMBL1641350";"Beta-lactamase";"Pseudomonas aeruginosa";"SINGLE PROTEIN";"CHEMBL3639375";"37";"BindingDB Database";"";"2013";"None";"";"";""
"CHEMBL3889864";"";"None";"347.35";"0";"-1.59";"BDBM98818";"CN1CCN=C1NC(=O)[C@@H]1CC[C@@H]2CN1C(=O)N2OS(=O)(=O)O";"IC50";"'='";"200.0";"nM";"6.70";"";"215142";"UO_0000065";"19.29";"0.40";"8.29";"5.08";"0";"CHEMBL3707572";"Spectrophotometric Assay: Enzyme activities were measured in the presence of the test inhibitor in spectrophotometric assay.";"B";"BAO_0000357";"single protein format";"Pseudomonas aeruginosa";"None";"None";"None";"None";"";"";"";"CHEMBL1641350";"Beta-lactamase";"Pseudomonas aeruginosa";"SINGLE PROTEIN";"CHEMBL3639375";"37";"BindingDB Database";"";"2013";"None";"";"";""
"CHEMBL3942273";"";"None";"352.34";"0";"-1.58";"BDBM98747";"O=C(N[C@H]1CNC[C@H]1F)[C@@H]1CC[C@@H]2CN1C(=O)N2OS(=O)(=O)O";"IC50";"'='";"19.0";"nM";"7.72";"";"215087";"UO_0000065";"21.91";"0.46";"9.30";"6.02";"0";"CHEMBL3707572";"Spectrophotometric Assay: Enzyme activities were measured in the presence of the test inhibitor in spectrophotometric assay.";"B";"BAO_0000357";"single protein format";"Pseudomonas aeruginosa";"None";"None";"None";"None";"";"";"";"CHEMBL1641350";"Beta-lactamase";"Pseudomonas aeruginosa";"SINGLE PROTEIN";"CHEMBL3639375";"37";"BindingDB Database";"";"2013";"None";"";"";""
"CHEMBL3934406";"";"None";"309.30";"0";"-1.51";"BDBM98841";"NCCOC(=O)[C@@H]1CC[C@@H]2CN1C(=O)N2OS(=O)(=O)O";"IC50";"'='";"610.0";"nM";"6.21";"";"215164";"UO_0000065";"20.09";"0.42";"7.72";"4.46";"0";"CHEMBL3707572";"Spectrophotometric Assay: Enzyme activities were measured in the presence of the test inhibitor in spectrophotometric assay.";"B";"BAO_0000357";"single protein format";"Pseudomonas aeruginosa";"None";"None";"None";"None";"";"";"";"CHEMBL1641350";"Beta-lactamase";"Pseudomonas aeruginosa";"SINGLE PROTEIN";"CHEMBL3639375";"37";"BindingDB Database";"";"2013";"None";"";"";""
"CHEMBL3974207";"";"None";"376.44";"0";"-0.50";"BDBM98759";"O=C(NCCC1CCNCC1)[C@@H]1CC[C@@H]2CN1C(=O)N2OS(=O)(=O)O";"IC50";"'='";"11.0";"nM";"7.96";"";"215099";"UO_0000065";"21.14";"0.43";"8.46";"6.20";"0";"CHEMBL3707572";"Spectrophotometric Assay: Enzyme activities were measured in the presence of the test inhibitor in spectrophotometric assay.";"B";"BAO_0000357";"single protein format";"Pseudomonas aeruginosa";"None";"None";"None";"None";"";"";"";"CHEMBL1641350";"Beta-lactamase";"Pseudomonas aeruginosa";"SINGLE PROTEIN";"CHEMBL3639375";"37";"BindingDB Database";"";"2013";"None";"";"";""
"CHEMBL3112745";"";"None";"397.43";"0";"-1.32";"BDBM98742";"O=C(NC1CCS(=O)(=O)CC1)[C@@H]1CC[C@@H]2CN1C(=O)N2OS(=O)(=O)O";"IC50";"'='";"9.5";"nM";"8.02";"";"215082";"UO_0000065";"20.19";"0.44";"9.34";"5.33";"0";"CHEMBL3707572";"Spectrophotometric Assay: Enzyme activities were measured in the presence of the test inhibitor in spectrophotometric assay.";"B";"BAO_0000357";"single protein format";"Pseudomonas aeruginosa";"None";"None";"None";"None";"";"";"";"CHEMBL1641350";"Beta-lactamase";"Pseudomonas aeruginosa";"SINGLE PROTEIN";"CHEMBL3639375";"37";"BindingDB Database";"";"2013";"None";"";"";""
"CHEMBL3938105";"";"None";"350.35";"0";"-2.56";"BDBM98745";"O=C(N[C@@H]1CNC[C@@H]1O)[C@@H]1CC[C@@H]2CN1C(=O)N2OS(=O)(=O)O";"IC50";"'='";"2250.0";"nM";"5.65";"";"215085";"UO_0000065";"16.12";"0.34";"8.21";"3.80";"0";"CHEMBL3707572";"Spectrophotometric Assay: Enzyme activities were measured in the presence of the test inhibitor in spectrophotometric assay.";"B";"BAO_0000357";"single protein format";"Pseudomonas aeruginosa";"None";"None";"None";"None";"";"";"";"CHEMBL1641350";"Beta-lactamase";"Pseudomonas aeruginosa";"SINGLE PROTEIN";"CHEMBL3639375";"37";"BindingDB Database";"";"2013";"None";"";"";""
